,0
0,Proteste in Chile: Ein Aufschrei gegen das neoliberale Regime.
1,Seit dem 21.10 arbeiten Frauen* unentgeltlich. Ist das ihre* Privatsache?
2,"Zahlen und Züge, Fakten und Flüge"
3,"Schweizer Waffengeschäfte mit chilenischen Militärs: wenig bekannt, aber verheerend"
4,„Ich habe mich selbst lange nicht als politisches Subjekt wahrgenommen“
5,Diese Schweiz verträgt keine grossen Veränderungen
6,"Mattea Meyer, betreibt die SP Lagerpolitik?"
7,  Instagram 
8,  #Ernährung 
9,Die 6 häufigsten Einwände gegen die sogenannten Gutmenschen – und weshalb sie nichts taugen
10,Glencores Meisterwerk im aufkommenden Genre des ‚Sustainability Porn’
11,"Drei Argumente gegen Plastikverpackungen – und drei Gegenargumente von Coop, Lidl, Spar und co."
12,  #porträt 
13,"„Wenn Sie die Lieferkette nachvollziehen wollen, müssen Sie neben den Steinen herlaufen.“ Ein Gespräch mit einem Diamantenhändler über die Konzernverantwortungsinitiative"
14,"Sexuelle Gewalt auf der Flucht: Ein Monat, eine Woche und zwei Tage in der Hölle"
15,Schweizer Incel (17): „Ich möchte eigentlich keine Frauen hassen!“
16,  #sommer 
17,Vegane Glace selber machen? So gehts!
18,Wie man nachhaltige Ferien macht
19,"München-Wien. Eine Velotour zwischen Flüchtlingen, Verschwörungstheorien und Tomaten"
